{"cameraMode":{"drawMode":0,"name":"Shaded","section":"Shading Mode"},"sceneLighting":true,"audioPlay":false,"sceneViewState":{"showFog":true,"showMaterialUpdate":true,"showSkybox":true,"showFlares":true,"showImageEffects":true,"showParticleSystems":true},"in2DMode":false,"pivot":{"x":-89.30242919921875,"y":67.81915283203125,"z":-225.5234375},"rotation":{"x":0.10031052678823471,"y":0.02059844881296158,"z":-0.0020762800704687835,"w":0.9947407841682434},"size":1413.0030517578125,"orthographic":false}