{"cameraMode":{"drawMode":0,"name":"Shaded","section":"Shading Mode"},"sceneLighting":true,"audioPlay":false,"sceneViewState":{"showFog":true,"showMaterialUpdate":true,"showSkybox":true,"showFlares":true,"showImageEffects":true,"showParticleSystems":true},"in2DMode":false,"pivot":{"x":-0.3958703279495239,"y":0.7907404899597168,"z":-3.10992693901062},"rotation":{"x":0.26353806257247927,"y":0.4892614185810089,"z":-0.1579698920249939,"w":0.8162208795547485},"size":32.56388473510742,"orthographic":false}